trial_type,time_elapsed,internal_node_id,bonus,subject,practice,trial,n_pumps,limit,outcome,value,information_seeking,emo_rating_1,winnings,emo_rating_2,stimulus,age,gender,final_outcome,final_fb,emo_diff,missed
balloon-inflate,365490,0.0-7.0-2.0,0.8,1,FALSE,10,4,10,bank,20,FALSE,200,0.8,200,NA,21,male,bank,FALSE,0,6
balloon-inflate,280175,0.0-7.0-2.0,1.4,2,FALSE,10,7,12,bank,20,TRUE,200,1.4,26,NA,20,female,bank,TRUE,-174,5
balloon-inflate,262512,0.0-7.0-2.0,0,3,FALSE,10,8,0,bust,20,FALSE,-200,0,NA,NA,38,female,bust,FALSE,NA,-8
balloon-inflate,385186,0.0-7.0-2.0,1.4,4,FALSE,10,7,10,bank,20,TRUE,200,1.4,184,NA,35,male,bank,TRUE,-16,3
balloon-inflate,192046,0.0-7.0-2.0,0.8,5,FALSE,10,4,6,bank,20,TRUE,200,0.8,200,NA,21,male,bank,TRUE,0,2
balloon-inflate,301674,0.0-7.0-2.0,0.4,6,FALSE,10,2,3,bank,20,FALSE,53,0.4,19,NA,37,female,bank,FALSE,-34,1
balloon-inflate,214521,0.0-7.0-2.0,1.4,7,FALSE,10,7,9,bank,20,TRUE,86,1.4,143,NA,21,male,bank,TRUE,57,2
balloon-inflate,353784,0.0-7.0-2.0,0,8,FALSE,10,3,2,bust,20,FALSE,-58,0,NA,NA,24,female,bust,FALSE,NA,-1
balloon-inflate,362977,0.0-7.0-2.0,1.2,9,FALSE,10,6,7,bank,20,FALSE,200,1.2,200,NA,24,female,bank,FALSE,0,1
balloon-inflate,224391,0.0-7.0-2.0,0,10,FALSE,10,6,2,bust,20,FALSE,-200,0,NA,NA,34,male,bust,FALSE,NA,-4
balloon-inflate,220712,0.0-7.0-2.0,0.8,11,FALSE,10,4,8,bank,20,TRUE,71,0.8,-108,NA,31,female,bank,TRUE,-179,4
balloon-inflate,230322,0.0-7.0-2.0,0.8,12,FALSE,10,4,5,bank,20,TRUE,140,0.8,200,NA,23,male,bank,TRUE,60,1
balloon-inflate,266195,0.0-7.0-2.0,0.6,13,FALSE,10,3,8,bank,20,TRUE,184,0.6,-77,NA,57,female,bank,TRUE,-261,5
balloon-inflate,418915,0.0-7.0-2.0,0.6,14,FALSE,10,3,10,bank,20,TRUE,66,0.6,21,NA,52,female,bank,TRUE,-45,7
balloon-inflate,327813,0.0-7.0-2.0,0.6,15,FALSE,10,3,11,bank,20,TRUE,200,0.6,-131,NA,42,female,bank,TRUE,-331,8
balloon-inflate,297998,0.0-7.0-2.0,0.4,16,FALSE,10,2,4,bank,20,TRUE,18,0.4,-200,NA,59,female,bank,TRUE,-218,2
balloon-inflate,191437,0.0-7.0-2.0,0.6,17,FALSE,10,3,8,bank,20,FALSE,102,0.6,110,NA,34,female,bank,FALSE,8,5
balloon-inflate,287015,0.0-7.0-2.0,0.4,18,FALSE,10,2,5,bank,20,TRUE,200,0.4,103,NA,56,female,bank,TRUE,-97,3
balloon-inflate,228276,0.0-7.0-2.0,1,19,FALSE,10,5,5,bank,20,FALSE,200,1,200,NA,52,female,bank,FALSE,0,0
balloon-inflate,206731,0.0-7.0-2.0,0,20,FALSE,10,6,4,bust,20,FALSE,-109,0,NA,NA,33,male,bust,FALSE,NA,-2
balloon-inflate,258422,0.0-7.0-2.0,1.2,21,FALSE,10,6,12,bank,20,TRUE,200,1.2,-66,NA,25,female,bank,TRUE,-266,6
balloon-inflate,239106,0.0-7.0-2.0,0.8,22,FALSE,10,4,6,bank,20,TRUE,168,0.8,-26,NA,34,female,bank,TRUE,-194,2
balloon-inflate,279413,0.0-7.0-2.0,0,23,FALSE,10,3,1,bust,20,FALSE,-200,0,NA,NA,28,female,bust,FALSE,NA,-2
balloon-inflate,315367,0.0-7.0-2.0,1,24,FALSE,10,5,12,bank,20,TRUE,189,1,61,NA,55,male,bank,TRUE,-128,7
balloon-inflate,330078,0.0-7.0-2.0,1.4,25,FALSE,10,7,7,bank,20,FALSE,200,1.4,200,NA,37,female,bank,FALSE,0,0
balloon-inflate,424193,0.0-7.0-2.0,0,26,FALSE,10,6,3,bust,20,FALSE,-200,0,NA,NA,20,female,bust,FALSE,NA,-3
balloon-inflate,300478,0.0-7.0-2.0,0,27,FALSE,10,12,2,bust,20,FALSE,-200,0,NA,NA,35,male,bust,FALSE,NA,-10
balloon-inflate,345203,0.0-7.0-2.0,0.8,28,FALSE,10,4,11,bank,20,TRUE,200,0.8,-186,NA,25,female,bank,TRUE,-386,7
balloon-inflate,217922,0.0-7.0-2.0,1,29,FALSE,10,5,7,bank,20,FALSE,200,1,200,NA,25,female,bank,FALSE,0,2
balloon-inflate,227952,0.0-7.0-2.0,1.4,30,FALSE,10,7,9,bank,20,TRUE,50,1.4,-29,NA,25,female,bank,TRUE,-79,2
balloon-inflate,260971,0.0-7.0-2.0,1,31,FALSE,10,5,7,bank,20,FALSE,159,1,103,NA,35,female,bank,FALSE,-56,2
balloon-inflate,428463,0.0-7.0-2.0,0.6,32,FALSE,10,3,5,bank,20,FALSE,200,0.6,50,NA,41,female,bank,FALSE,-150,2
balloon-inflate,230277,0.0-7.0-2.0,0.6,33,FALSE,10,3,7,bank,20,TRUE,200,0.6,-73,NA,53,male,bank,TRUE,-273,4
balloon-inflate,223525,0.0-7.0-2.0,1.6,34,FALSE,10,8,9,bank,20,TRUE,200,1.6,-31,NA,34,female,bank,TRUE,-231,1
balloon-inflate,405341,0.0-7.0-2.0,0,35,FALSE,10,4,1,bust,20,FALSE,-134,0,NA,NA,51,female,bust,FALSE,NA,-3
balloon-inflate,259858,0.0-7.0-2.0,0,36,FALSE,10,5,0,bust,20,FALSE,-200,0,NA,NA,23,male,bust,FALSE,NA,-5
balloon-inflate,199442,0.0-7.0-2.0,1.6,37,FALSE,10,8,10,bank,20,TRUE,116,1.6,-66,NA,22,female,bank,TRUE,-182,2
balloon-inflate,178985,0.0-7.0-2.0,0.4,38,FALSE,10,2,11,bank,20,TRUE,-53,0.4,-200,NA,22,female,bank,TRUE,-147,9
balloon-inflate,257335,0.0-7.0-2.0,1.6,39,FALSE,10,8,8,bank,20,TRUE,200,1.6,200,NA,30,male,bank,TRUE,0,0
balloon-inflate,183532,0.0-7.0-2.0,0,40,FALSE,10,6,4,bust,20,FALSE,-153,0,NA,NA,33,female,bust,FALSE,NA,-2
balloon-inflate,270693,0.0-7.0-2.0,0,41,FALSE,10,5,1,bust,20,FALSE,-136,0,NA,NA,42,male,bust,FALSE,NA,-4
balloon-inflate,255273,0.0-7.0-2.0,0,42,FALSE,10,12,2,bust,20,FALSE,-200,0,NA,NA,31,female,bust,FALSE,NA,-10
balloon-inflate,346335,0.0-7.0-2.0,0.8,43,FALSE,10,4,10,bank,20,FALSE,200,0.8,69,NA,19,male,bank,FALSE,-131,6
balloon-inflate,222833,0.0-7.0-2.0,0,44,FALSE,10,10,3,bust,20,FALSE,-89,0,NA,NA,24,female,bust,FALSE,NA,-7
balloon-inflate,267684,0.0-7.0-2.0,1.2,45,FALSE,10,6,8,bank,20,TRUE,98,1.2,41,NA,28,male,bank,TRUE,-57,2
balloon-inflate,274394,0.0-7.0-2.0,0,46,FALSE,10,8,5,bust,20,FALSE,-200,0,NA,NA,42,female,bust,FALSE,NA,-3
balloon-inflate,227796,0.0-7.0-2.0,0.6,47,FALSE,10,3,8,bank,20,FALSE,80,0.6,99,NA,32,female,bank,FALSE,19,5
balloon-inflate,293354,0.0-7.0-2.0,1,48,FALSE,10,5,7,bank,20,TRUE,146,1,100,NA,30,female,bank,TRUE,-46,2
balloon-inflate,312278,0.0-7.0-2.0,0.4,49,FALSE,10,2,6,bank,20,TRUE,104,0.4,-184,NA,42,female,bank,TRUE,-288,4
balloon-inflate,213470,0.0-7.0-2.0,0.8,50,FALSE,10,4,9,bank,20,FALSE,23,0.8,38,NA,35,female,bank,FALSE,15,5
balloon-inflate,193535,0.0-7.0-2.0,0.8,51,FALSE,10,4,6,bank,20,TRUE,40,0.8,-42,NA,26,female,bank,TRUE,-82,2
balloon-inflate,370786,0.0-7.0-2.0,1.6,52,FALSE,10,8,10,bank,20,TRUE,200,1.6,-30,NA,20,female,bank,TRUE,-230,2
balloon-inflate,223683,0.0-7.0-2.0,1,53,FALSE,10,5,12,bank,20,FALSE,200,1,200,NA,33,male,bank,FALSE,0,7
balloon-inflate,229739,0.0-7.0-2.0,0,54,FALSE,10,6,5,bust,20,FALSE,-87,0,NA,NA,19,female,bust,FALSE,NA,-1
balloon-inflate,232975,0.0-7.0-2.0,1.2,55,FALSE,10,6,8,bank,20,TRUE,84,1.2,200,NA,24,female,bank,TRUE,116,2
balloon-inflate,271520,0.0-7.0-2.0,0,56,FALSE,10,7,3,bust,20,FALSE,-200,0,NA,NA,21,male,bust,FALSE,NA,-4
balloon-inflate,339406,0.0-7.0-2.0,0,57,FALSE,10,8,5,bust,20,FALSE,-200,0,NA,NA,18,female,bust,FALSE,NA,-3
balloon-inflate,241136,0.0-7.0-2.0,1.2,58,FALSE,10,6,11,bank,20,FALSE,12,1.2,8,NA,51,male,bank,FALSE,-4,5
balloon-inflate,238130,0.0-7.0-2.0,0,59,FALSE,10,8,3,bust,20,FALSE,-200,0,NA,NA,25,female,bust,FALSE,NA,-5
balloon-inflate,318806,0.0-7.0-2.0,0,60,FALSE,10,5,4,bust,20,FALSE,-200,0,NA,NA,25,female,bust,FALSE,NA,-1
balloon-inflate,392472,0.0-7.0-2.0,1.4,61,FALSE,10,7,12,bank,20,TRUE,181,1.4,167,NA,48,female,bank,TRUE,-14,5
balloon-inflate,309539,0.0-7.0-2.0,0.8,62,FALSE,10,4,5,bank,20,FALSE,200,0.8,-100,NA,35,female,bank,FALSE,-300,1
balloon-inflate,327491,0.0-7.0-2.0,1.4,63,FALSE,10,7,8,bank,20,TRUE,159,1.4,148,NA,23,female,bank,TRUE,-11,1
balloon-inflate,306134,0.0-7.0-2.0,0.8,64,FALSE,10,4,11,bank,20,TRUE,78,0.8,-158,NA,23,male,bank,TRUE,-236,7
balloon-inflate,210862,0.0-7.0-2.0,1,65,FALSE,10,5,8,bank,20,FALSE,136,1,86,NA,34,male,bank,FALSE,-50,3
balloon-inflate,233139,0.0-7.0-2.0,1.2,66,FALSE,10,6,9,bank,20,TRUE,200,1.2,151,NA,52,male,bank,TRUE,-49,3
balloon-inflate,316507,0.0-7.0-2.0,0.8,67,FALSE,10,4,6,bank,20,TRUE,200,0.8,33,NA,32,female,bank,TRUE,-167,2
balloon-inflate,244784,0.0-7.0-2.0,0,68,FALSE,10,7,3,bust,20,FALSE,118,0,NA,NA,30,male,bust,FALSE,NA,-4
balloon-inflate,314683,0.0-7.0-2.0,1,69,FALSE,10,5,8,bank,20,TRUE,167,1,-89,NA,28,female,bank,TRUE,-256,3
balloon-inflate,235389,0.0-7.0-2.0,0.8,70,FALSE,10,4,8,bank,20,FALSE,150,0.8,151,NA,32,female,bank,FALSE,1,4
balloon-inflate,302133,0.0-7.0-2.0,1.6,71,FALSE,10,8,9,bank,20,TRUE,200,1.6,200,NA,31,male,bank,TRUE,0,1
balloon-inflate,305379,0.0-7.0-2.0,0.8,72,FALSE,10,4,9,bank,20,TRUE,200,0.8,-53,NA,28,female,bank,TRUE,-253,5
balloon-inflate,643207,0.0-7.0-2.0,0,73,FALSE,10,9,4,bust,20,FALSE,-200,0,NA,NA,21,male,bust,FALSE,NA,-5
balloon-inflate,262369,0.0-7.0-2.0,0.8,74,FALSE,10,4,11,bank,20,TRUE,182,0.8,-70,NA,42,female,bank,TRUE,-252,7
balloon-inflate,236356,0.0-7.0-2.0,1,75,FALSE,10,5,7,bank,20,FALSE,146,1,89,NA,34,female,bank,FALSE,-57,2
balloon-inflate,355992,0.0-7.0-2.0,1,76,FALSE,10,5,11,bank,20,TRUE,200,1,146,NA,38,female,bank,TRUE,-54,6
balloon-inflate,227154,0.0-7.0-2.0,0,77,FALSE,10,6,5,bust,20,FALSE,-199,0,NA,NA,55,male,bust,FALSE,NA,-1
balloon-inflate,164337,0.0-7.0-2.0,0,78,FALSE,10,4,3,bust,20,FALSE,-200,0,NA,NA,41,female,bust,FALSE,NA,-1
balloon-inflate,398926,0.0-7.0-2.0,0.6,79,FALSE,10,3,6,bank,20,FALSE,73,0.6,54,NA,67,male,bank,FALSE,-19,3
balloon-inflate,227457,0.0-7.0-2.0,0,80,FALSE,10,6,4,bust,20,FALSE,0,0,NA,NA,25,female,bust,FALSE,NA,-2
balloon-inflate,442005,0.0-7.0-2.0,1.8,81,FALSE,10,9,11,bank,20,FALSE,-133,1.8,110,NA,64,female,bank,FALSE,243,2
balloon-inflate,210087,0.0-7.0-2.0,0,82,FALSE,10,5,0,bust,20,FALSE,-200,0,NA,NA,23,male,bust,FALSE,NA,-5
balloon-inflate,304752,0.0-7.0-2.0,1,83,FALSE,10,5,12,bank,20,TRUE,200,1,-53,NA,29,female,bank,TRUE,-253,7
balloon-inflate,269548,0.0-7.0-2.0,0,84,FALSE,10,6,5,bust,20,FALSE,-71,0,NA,NA,57,male,bust,FALSE,NA,-1
balloon-inflate,306470,0.0-7.0-2.0,1.4,85,FALSE,10,7,8,bank,20,TRUE,77,1.4,158,NA,54,male,bank,TRUE,81,1
balloon-inflate,191402,0.0-7.0-2.0,0.4,86,FALSE,10,2,11,bank,20,TRUE,200,0.4,-200,NA,19,female,bank,TRUE,-400,9
balloon-inflate,224583,0.0-7.0-2.0,1.2,87,FALSE,10,6,6,bank,20,TRUE,200,1.2,200,NA,23,female,bank,TRUE,0,0
balloon-inflate,300561,0.0-7.0-2.0,0.6,88,FALSE,10,3,9,bank,20,FALSE,58,0.6,29,NA,24,female,bank,FALSE,-29,6
balloon-inflate,561547,0.0-7.0-2.0,0,89,FALSE,10,6,0,bust,20,FALSE,-67,0,NA,NA,59,male,bust,FALSE,NA,-6
balloon-inflate,213645,0.0-7.0-2.0,1,90,FALSE,10,5,11,bank,20,FALSE,200,1,200,NA,19,female,bank,FALSE,0,6
balloon-inflate,194714,0.0-7.0-2.0,0.6,91,FALSE,10,3,7,bank,20,FALSE,-10,0.6,12,NA,38,female,bank,FALSE,22,4
balloon-inflate,165706,0.0-7.0-2.0,0,92,FALSE,10,5,4,bust,20,FALSE,-200,0,NA,NA,22,female,bust,FALSE,NA,-1
balloon-inflate,212098,0.0-7.0-2.0,1,93,FALSE,10,5,12,bank,20,FALSE,48,1,189,NA,34,female,bank,FALSE,141,7
balloon-inflate,243404,0.0-7.0-2.0,0,94,FALSE,10,4,1,bust,20,FALSE,-184,0,NA,NA,29,female,bust,FALSE,NA,-3
balloon-inflate,185834,0.0-7.0-2.0,1,95,FALSE,10,5,6,bank,20,FALSE,146,1,92,NA,24,male,bank,FALSE,-54,1
balloon-inflate,379255,0.0-7.0-2.0,1,96,FALSE,10,5,11,bank,20,FALSE,200,1,134,NA,28,female,bank,FALSE,-66,6
balloon-inflate,254003,0.0-7.0-2.0,0.6,97,FALSE,10,3,5,bank,20,TRUE,163,0.6,-19,NA,48,female,bank,TRUE,-182,2
balloon-inflate,262641,0.0-7.0-2.0,0,98,FALSE,10,6,3,bust,20,FALSE,-200,0,NA,NA,21,female,bust,FALSE,NA,-3
balloon-inflate,387514,0.0-7.0-2.0,0.6,99,FALSE,10,3,6,bank,20,FALSE,119,0.6,84,NA,21,female,bank,FALSE,-35,3
balloon-inflate,513346,0.0-7.0-2.0,1.6,100,FALSE,10,8,12,bank,20,TRUE,200,1.6,-67,NA,55,male,bank,TRUE,-267,4
balloon-inflate,192670,0.0-7.0-2.0,0,101,FALSE,10,4,2,bust,20,FALSE,-200,0,NA,NA,38,male,bust,FALSE,NA,-2
balloon-inflate,263409,0.0-7.0-2.0,0.8,102,FALSE,10,4,11,bank,20,TRUE,50,0.8,-109,NA,22,female,bank,TRUE,-159,7
balloon-inflate,254766,0.0-7.0-2.0,1.2,103,FALSE,10,6,11,bank,20,FALSE,200,1.2,200,NA,31,female,bank,FALSE,0,5
balloon-inflate,189198,0.0-7.0-2.0,0.6,104,FALSE,10,3,7,bank,20,FALSE,87,0.6,77,NA,25,male,bank,FALSE,-10,4
balloon-inflate,749399,0.0-7.0-2.0,1.2,105,FALSE,10,6,7,bank,20,TRUE,200,1.2,156,NA,18,male,bank,TRUE,-44,1
balloon-inflate,278904,0.0-7.0-2.0,1.6,106,FALSE,10,8,8,bank,20,TRUE,200,1.6,200,NA,45,male,bank,TRUE,0,0
balloon-inflate,391738,0.0-7.0-2.0,0,107,FALSE,10,6,3,bust,20,FALSE,-200,0,NA,NA,41,male,bust,FALSE,NA,-3
balloon-inflate,397535,0.0-7.0-2.0,0,108,FALSE,10,3,0,bust,20,FALSE,-80,0,NA,NA,34,male,bust,FALSE,NA,-3
balloon-inflate,277682,0.0-7.0-2.0,0.6,109,FALSE,10,3,10,bank,20,TRUE,200,0.6,-200,NA,43,male,bank,TRUE,-400,7
balloon-inflate,229074,0.0-7.0-2.0,0,110,FALSE,10,8,5,bust,20,FALSE,-200,0,NA,NA,29,female,bust,FALSE,NA,-3
balloon-inflate,296246,0.0-7.0-2.0,0,111,FALSE,10,6,4,bust,20,FALSE,-130,0,NA,NA,58,female,bust,FALSE,NA,-2
balloon-inflate,220128,0.0-7.0-2.0,0,112,FALSE,10,5,4,bust,20,FALSE,-200,0,NA,NA,29,female,bust,FALSE,NA,-1
balloon-inflate,276150,0.0-7.0-2.0,0.8,113,FALSE,10,4,10,bank,20,TRUE,192,0.8,-73,NA,29,male,bank,TRUE,-265,6
balloon-inflate,264304,0.0-7.0-2.0,1.4,114,FALSE,10,7,12,bank,20,TRUE,2,1.4,-13,NA,44,male,bank,TRUE,-15,5
balloon-inflate,391955,0.0-7.0-2.0,1,115,FALSE,10,5,8,bank,20,TRUE,200,1,200,NA,38,male,bank,TRUE,0,3
balloon-inflate,251833,0.0-7.0-2.0,1.2,116,FALSE,10,6,8,bank,20,FALSE,106,1.2,63,NA,36,female,bank,FALSE,-43,2
balloon-inflate,246286,0.0-7.0-2.0,0,117,FALSE,10,4,3,bust,20,FALSE,-91,0,NA,NA,32,male,bust,FALSE,NA,-1
balloon-inflate,216834,0.0-7.0-2.0,0,118,FALSE,10,6,0,bust,20,FALSE,-200,0,NA,NA,42,female,bust,FALSE,NA,-6
balloon-inflate,294181,0.0-7.0-2.0,1,119,FALSE,10,5,8,bank,20,TRUE,200,1,200,NA,29,female,bank,TRUE,0,3
balloon-inflate,290249,0.0-7.0-2.0,0,120,FALSE,10,6,5,bust,20,FALSE,-200,0,NA,NA,46,female,bust,FALSE,NA,-1
balloon-inflate,334181,0.0-7.0-2.0,0,121,FALSE,10,10,6,bust,20,FALSE,-200,0,NA,NA,39,female,bust,FALSE,NA,-4
balloon-inflate,182702,0.0-7.0-2.0,1.8,122,FALSE,10,9,11,bank,20,FALSE,18,1.8,17,NA,27,female,bank,FALSE,-1,2
balloon-inflate,331971,0.0-7.0-2.0,1,123,FALSE,10,5,12,bank,20,TRUE,102,1,-107,NA,20,male,bank,TRUE,-209,7
balloon-inflate,179846,0.0-7.0-2.0,0,124,FALSE,10,6,2,bust,20,FALSE,-71,0,NA,NA,33,male,bust,FALSE,NA,-4
balloon-inflate,508972,0.0-7.0-2.0,0.6,125,FALSE,10,3,9,bank,20,TRUE,200,0.6,70,NA,31,male,bank,TRUE,-130,6
balloon-inflate,286999,0.0-7.0-2.0,0,126,FALSE,10,6,3,bust,20,FALSE,-200,0,NA,NA,46,female,bust,FALSE,NA,-3
balloon-inflate,421000,0.0-7.0-2.0,1,127,FALSE,10,5,12,bank,20,FALSE,200,1,107,NA,42,male,bank,FALSE,-93,7
balloon-inflate,244090,0.0-7.0-2.0,0,128,FALSE,10,5,1,bust,20,FALSE,9,0,NA,NA,26,male,bust,FALSE,NA,-4
balloon-inflate,467818,0.0-7.0-2.0,0,129,FALSE,10,3,2,bust,20,FALSE,-156,0,NA,NA,31,female,bust,FALSE,NA,-1
balloon-inflate,694056,0.0-7.0-2.0,0,130,FALSE,10,5,2,bust,20,FALSE,-73,0,NA,NA,48,male,bust,FALSE,NA,-3
balloon-inflate,360098,0.0-7.0-2.0,0,131,FALSE,10,6,0,bust,20,FALSE,-67,0,NA,NA,26,male,bust,FALSE,NA,-6
balloon-inflate,264361,0.0-7.0-2.0,1,132,FALSE,10,5,7,bank,20,TRUE,200,1,126,NA,27,female,bank,TRUE,-74,2
balloon-inflate,329708,0.0-7.0-2.0,1,133,FALSE,10,5,12,bank,20,FALSE,200,1,200,NA,35,female,bank,FALSE,0,7
balloon-inflate,270889,0.0-7.0-2.0,0,134,FALSE,10,9,0,bust,20,FALSE,-200,0,NA,NA,25,male,bust,FALSE,NA,-9
balloon-inflate,199241,0.0-7.0-2.0,1,135,FALSE,10,5,12,bank,20,TRUE,146,1,-159,NA,24,male,bank,TRUE,-305,7
balloon-inflate,351886,0.0-7.0-2.0,1,136,FALSE,10,5,6,bank,20,TRUE,188,1,190,NA,29,male,bank,TRUE,2,1
balloon-inflate,443943,0.0-7.0-2.0,1,137,FALSE,10,5,7,bank,20,FALSE,36,1,39,NA,32,female,bank,FALSE,3,2
balloon-inflate,210293,0.0-7.0-2.0,0.6,138,FALSE,10,3,10,bank,20,TRUE,200,0.6,-114,NA,20,male,bank,TRUE,-314,7
balloon-inflate,354888,0.0-7.0-2.0,0,139,FALSE,10,9,4,bust,20,FALSE,-193,0,NA,NA,70,male,bust,FALSE,NA,-5
balloon-inflate,227240,0.0-7.0-2.0,0,140,FALSE,10,8,4,bust,20,FALSE,-200,0,NA,NA,20,female,bust,FALSE,NA,-4
balloon-inflate,270287,0.0-7.0-2.0,0.8,141,FALSE,10,4,12,bank,20,TRUE,93,0.8,-120,NA,23,male,bank,TRUE,-213,8
balloon-inflate,282052,0.0-7.0-2.0,0.2,142,FALSE,10,1,8,bank,20,TRUE,87,0.2,-60,NA,20,male,bank,TRUE,-147,7
balloon-inflate,366764,0.0-7.0-2.0,1.4,143,FALSE,10,7,11,bank,20,TRUE,93,1.4,62,NA,47,female,bank,TRUE,-31,4
balloon-inflate,304984,0.0-7.0-2.0,0,144,FALSE,10,4,0,bust,20,FALSE,-200,0,NA,NA,58,female,bust,FALSE,NA,-4
balloon-inflate,231676,0.0-7.0-2.0,0,145,FALSE,10,8,3,bust,20,FALSE,-200,0,NA,NA,22,male,bust,FALSE,NA,-5
balloon-inflate,342678,0.0-7.0-2.0,0.6,146,FALSE,10,3,7,bank,20,TRUE,109,0.6,46,NA,55,female,bank,TRUE,-63,4
balloon-inflate,224823,0.0-7.0-2.0,1.2,147,FALSE,10,6,7,bank,20,FALSE,200,1.2,200,NA,23,female,bank,FALSE,0,1
balloon-inflate,240085,0.0-7.0-2.0,1.4,148,FALSE,10,7,8,bank,20,TRUE,200,1.4,200,NA,20,male,bank,TRUE,0,1
balloon-inflate,245664,0.0-7.0-2.0,1.6,149,FALSE,10,8,8,bank,20,TRUE,46,1.6,194,NA,31,male,bank,TRUE,148,0
balloon-inflate,229455,0.0-7.0-2.0,0,150,FALSE,10,6,0,bust,20,FALSE,-200,0,NA,NA,25,male,bust,FALSE,NA,-6
balloon-inflate,280534,0.0-7.0-2.0,1.2,151,FALSE,10,6,8,bank,20,TRUE,109,1.2,49,NA,25,female,bank,TRUE,-60,2
balloon-inflate,230604,0.0-7.0-2.0,0,152,FALSE,10,6,1,bust,20,FALSE,-129,0,NA,NA,44,male,bust,FALSE,NA,-5
balloon-inflate,287901,0.0-7.0-2.0,1,153,FALSE,10,5,8,bank,20,TRUE,200,1,200,NA,20,male,bank,TRUE,0,3
balloon-inflate,198186,0.0-7.0-2.0,0,154,FALSE,10,6,3,bust,20,FALSE,-67,0,NA,NA,21,male,bust,FALSE,NA,-3
balloon-inflate,268132,0.0-7.0-2.0,0,155,FALSE,10,6,1,bust,20,FALSE,-111,0,NA,NA,50,male,bust,FALSE,NA,-5
balloon-inflate,254473,0.0-7.0-2.0,0.8,156,FALSE,10,4,6,bank,20,FALSE,200,0.8,200,NA,56,female,bank,FALSE,0,2
balloon-inflate,331229,0.0-7.0-2.0,0,157,FALSE,10,8,7,bust,20,FALSE,29,0,NA,NA,45,male,bust,FALSE,NA,-1
balloon-inflate,202345,0.0-7.0-2.0,0.8,158,FALSE,10,4,10,bank,20,TRUE,200,0.8,84,NA,32,female,bank,TRUE,-116,6
balloon-inflate,269427,0.0-7.0-2.0,0,159,FALSE,10,6,1,bust,20,FALSE,-200,0,NA,NA,23,male,bust,FALSE,NA,-5
balloon-inflate,255322,0.0-7.0-2.0,1.2,160,FALSE,10,6,9,bank,20,TRUE,129,1.2,-200,NA,26,female,bank,TRUE,-329,3
balloon-inflate,296995,0.0-7.0-2.0,0,161,FALSE,10,6,4,bust,20,FALSE,-200,0,NA,NA,38,male,bust,FALSE,NA,-2
balloon-inflate,213771,0.0-7.0-2.0,1,162,FALSE,10,5,6,bank,20,TRUE,110,1,104,NA,38,male,bank,TRUE,-6,1
balloon-inflate,195413,0.0-7.0-2.0,0,163,FALSE,10,7,4,bust,20,FALSE,-57,0,NA,NA,20,male,bust,FALSE,NA,-3
balloon-inflate,209422,0.0-7.0-2.0,0,164,FALSE,10,5,4,bust,20,FALSE,-160,0,NA,NA,21,male,bust,FALSE,NA,-1
balloon-inflate,379339,0.0-7.0-2.0,0.6,165,FALSE,10,3,7,bank,20,TRUE,164,0.6,77,NA,30,female,bank,TRUE,-87,4
balloon-inflate,427900,0.0-7.0-2.0,0,166,FALSE,10,7,4,bust,20,FALSE,-200,0,NA,NA,50,female,bust,FALSE,NA,-3
balloon-inflate,229358,0.0-7.0-2.0,1,167,FALSE,10,5,9,bank,20,FALSE,200,1,106,NA,21,female,bank,FALSE,-94,4
balloon-inflate,240016,0.0-7.0-2.0,0.8,168,FALSE,10,4,4,bank,20,TRUE,138,0.8,200,NA,37,male,bank,TRUE,62,0
balloon-inflate,287426,0.0-7.0-2.0,0.8,169,FALSE,10,4,12,bank,20,TRUE,200,0.8,-51,NA,28,male,bank,TRUE,-251,8
balloon-inflate,360154,0.0-7.0-2.0,1.6,170,FALSE,10,8,10,bank,20,TRUE,200,1.6,181,NA,37,female,bank,TRUE,-19,2
balloon-inflate,367291,0.0-7.0-2.0,0,171,FALSE,10,4,2,bust,20,FALSE,-200,0,NA,NA,43,female,bust,FALSE,NA,-2
balloon-inflate,197441,0.0-7.0-2.0,1,172,FALSE,10,5,9,bank,20,TRUE,200,1,-100,NA,28,female,bank,TRUE,-300,4
balloon-inflate,283640,0.0-7.0-2.0,1,173,FALSE,10,5,10,bank,20,FALSE,200,1,197,NA,35,female,bank,FALSE,-3,5
balloon-inflate,295835,0.0-7.0-2.0,0,174,FALSE,10,3,1,bust,20,FALSE,-200,0,NA,NA,58,male,bust,FALSE,NA,-2
balloon-inflate,422999,0.0-7.0-2.0,0,175,FALSE,10,4,0,bust,20,FALSE,-200,0,NA,NA,65,male,bust,FALSE,NA,-4
balloon-inflate,224158,0.0-7.0-2.0,1.2,176,FALSE,10,6,7,bank,20,FALSE,200,1.2,200,NA,42,male,bank,FALSE,0,1
balloon-inflate,353591,0.0-7.0-2.0,0,177,FALSE,10,10,9,bust,20,FALSE,-119,0,NA,NA,28,male,bust,FALSE,NA,-1
balloon-inflate,306964,0.0-7.0-2.0,1.4,178,FALSE,10,7,9,bank,20,TRUE,87,1.4,-30,NA,34,female,bank,TRUE,-117,2
balloon-inflate,303796,0.0-7.0-2.0,0,179,FALSE,10,8,0,bust,20,FALSE,-200,0,NA,NA,19,female,bust,FALSE,NA,-8
balloon-inflate,284120,0.0-7.0-2.0,0,180,FALSE,10,4,1,bust,20,FALSE,0,0,NA,NA,29,female,bust,FALSE,NA,-3
balloon-inflate,282001,0.0-7.0-2.0,1.4,181,FALSE,10,7,9,bank,20,TRUE,200,1.4,184,NA,36,male,bank,TRUE,-16,2
balloon-inflate,337053,0.0-7.0-2.0,1,182,FALSE,10,5,9,bank,20,TRUE,200,1,-200,NA,51,male,bank,TRUE,-400,4
balloon-inflate,639804,0.0-7.0-2.0,0,183,FALSE,10,5,0,bust,20,FALSE,39,0,NA,NA,40,female,bust,FALSE,NA,-5
balloon-inflate,485544,0.0-7.0-2.0,0,184,FALSE,10,8,3,bust,20,FALSE,-200,0,NA,NA,39,male,bust,FALSE,NA,-5
balloon-inflate,290256,0.0-7.0-2.0,0,185,FALSE,10,6,0,bust,20,FALSE,-2,0,NA,NA,51,male,bust,FALSE,NA,-6
balloon-inflate,182730,0.0-7.0-2.0,0,186,FALSE,10,5,0,bust,20,FALSE,-37,0,NA,NA,42,female,bust,FALSE,NA,-5
balloon-inflate,205102,0.0-7.0-2.0,0.8,187,FALSE,10,4,7,bank,20,TRUE,111,0.8,101,NA,26,female,bank,TRUE,-10,3
balloon-inflate,239686,0.0-7.0-2.0,0.8,188,FALSE,10,4,10,bank,20,TRUE,200,0.8,157,NA,34,female,bank,TRUE,-43,6
balloon-inflate,1163809,0.0-7.0-2.0,1,189,FALSE,10,5,8,bank,20,TRUE,200,1,-187,NA,65,female,bank,TRUE,-387,3
balloon-inflate,361492,0.0-7.0-2.0,1.4,190,FALSE,10,7,11,bank,20,FALSE,178,1.4,176,NA,32,female,bank,FALSE,-2,4
balloon-inflate,286106,0.0-7.0-2.0,0.8,191,FALSE,10,4,6,bank,20,TRUE,144,0.8,58,NA,25,male,bank,TRUE,-86,2
balloon-inflate,1498203,0.0-7.0-2.0,0.8,192,FALSE,10,4,6,bank,20,FALSE,179,0.8,127,NA,35,male,bank,FALSE,-52,2
balloon-inflate,171707,0.0-7.0-2.0,1,193,FALSE,10,5,5,bank,20,FALSE,0,1,0,NA,28,male,bank,FALSE,0,0
balloon-inflate,190823,0.0-7.0-2.0,0,194,FALSE,10,6,5,bust,20,FALSE,-77,0,NA,NA,60,female,bust,FALSE,NA,-1
balloon-inflate,293946,0.0-7.0-2.0,0.8,195,FALSE,10,4,7,bank,20,FALSE,58,0.8,70,NA,35,female,bank,FALSE,12,3
balloon-inflate,247484,0.0-7.0-2.0,0.6,196,FALSE,10,3,11,bank,20,FALSE,200,0.6,86,NA,53,female,bank,FALSE,-114,8
balloon-inflate,295620,0.0-7.0-2.0,1.2,197,FALSE,10,6,7,bank,20,TRUE,49,1.2,-44,NA,21,female,bank,TRUE,-93,1
balloon-inflate,343540,0.0-7.0-2.0,1.2,198,FALSE,10,6,8,bank,20,TRUE,200,1.2,121,NA,41,male,bank,TRUE,-79,2
balloon-inflate,268700,0.0-7.0-2.0,0,199,FALSE,10,4,0,bust,20,FALSE,200,0,NA,NA,27,female,bust,FALSE,NA,-4
balloon-inflate,379794,0.0-7.0-2.0,0,200,FALSE,10,6,4,bust,20,FALSE,-19,0,NA,NA,45,male,bust,FALSE,NA,-2
balloon-inflate,696833,0.0-7.0-2.0,0,201,FALSE,10,8,7,bust,20,FALSE,-32,0,NA,NA,29,female,bust,FALSE,NA,-1
balloon-inflate,232314,0.0-7.0-2.0,1,202,FALSE,10,5,12,bank,20,TRUE,69,1,28,NA,40,male,bank,TRUE,-41,7
balloon-inflate,166879,0.0-7.0-2.0,0,203,FALSE,10,5,4,bust,20,FALSE,-200,0,NA,NA,20,female,bust,FALSE,NA,-1
balloon-inflate,227285,0.0-7.0-2.0,0.6,204,FALSE,10,3,7,bank,20,TRUE,72,0.6,48,NA,38,male,bank,TRUE,-24,4
balloon-inflate,333345,0.0-7.0-2.0,1,205,FALSE,10,5,8,bank,20,TRUE,193,1,-34,NA,39,female,bank,TRUE,-227,3
balloon-inflate,504370,0.0-7.0-2.0,1,206,FALSE,10,5,12,bank,20,TRUE,200,1,200,NA,34,female,bank,TRUE,0,7
balloon-inflate,296061,0.0-7.0-2.0,1.2,207,FALSE,10,6,9,bank,20,FALSE,157,1.2,119,NA,43,male,bank,FALSE,-38,3
balloon-inflate,387362,0.0-7.0-2.0,0,208,FALSE,10,5,4,bust,20,FALSE,-50,0,NA,NA,77,female,bust,FALSE,NA,-1
balloon-inflate,350603,0.0-7.0-2.0,0.6,209,FALSE,10,3,11,bank,20,TRUE,200,0.6,-142,NA,51,female,bank,TRUE,-342,8
balloon-inflate,191968,0.0-7.0-2.0,0,210,FALSE,10,5,1,bust,20,FALSE,34,0,NA,NA,30,female,bust,FALSE,NA,-4
balloon-inflate,11796452,0.0-7.0-2.0,0,211,FALSE,10,7,2,bust,20,FALSE,-157,0,NA,NA,50,female,bust,FALSE,NA,-5
balloon-inflate,289547,0.0-7.0-2.0,1,212,FALSE,10,5,10,bank,20,TRUE,200,1,-64,NA,21,male,bank,TRUE,-264,5
balloon-inflate,456119,0.0-7.0-2.0,1,213,FALSE,10,5,8,bank,20,TRUE,196,1,-31,NA,51,female,bank,TRUE,-227,3
balloon-inflate,188992,0.0-7.0-2.0,0,214,FALSE,10,6,2,bust,20,FALSE,89,0,NA,NA,20,female,bust,FALSE,NA,-4
balloon-inflate,308598,0.0-7.0-2.0,1.2,215,FALSE,10,6,10,bank,20,TRUE,171,1.2,-200,NA,42,female,bank,TRUE,-371,4
balloon-inflate,287776,0.0-7.0-2.0,0,216,FALSE,10,3,2,bust,20,FALSE,-200,0,NA,NA,54,female,bust,FALSE,NA,-1
balloon-inflate,242669,0.0-7.0-2.0,1.2,217,FALSE,10,6,10,bank,20,TRUE,178,1.2,-200,NA,24,female,bank,TRUE,-378,4
balloon-inflate,228391,0.0-7.0-2.0,0,218,FALSE,10,4,0,bust,20,FALSE,-200,0,NA,NA,36,male,bust,FALSE,NA,-4
balloon-inflate,210083,0.0-7.0-2.0,0,219,FALSE,10,6,3,bust,20,FALSE,-200,0,NA,NA,26,female,bust,FALSE,NA,-3
balloon-inflate,402908,0.0-7.0-2.0,0,220,FALSE,10,6,1,bust,20,FALSE,-139,0,NA,NA,27,male,bust,FALSE,NA,-5
balloon-inflate,257742,0.0-7.0-2.0,0,221,FALSE,10,5,4,bust,20,FALSE,-104,0,NA,NA,33,male,bust,FALSE,NA,-1
balloon-inflate,174206,0.0-7.0-2.0,0,222,FALSE,10,8,7,bust,20,FALSE,-200,0,NA,NA,29,male,bust,FALSE,NA,-1
balloon-inflate,220419,0.0-7.0-2.0,1,223,FALSE,10,5,7,bank,20,FALSE,122,1,73,NA,48,male,bank,FALSE,-49,2
balloon-inflate,177504,0.0-7.0-2.0,0,224,FALSE,10,6,2,bust,20,FALSE,-200,0,NA,NA,28,female,bust,FALSE,NA,-4
balloon-inflate,205070,0.0-7.0-2.0,0.8,225,FALSE,10,4,12,bank,20,TRUE,200,0.8,91,NA,25,female,bank,TRUE,-109,8
balloon-inflate,210067,0.0-7.0-2.0,0,226,FALSE,10,5,4,bust,20,FALSE,-200,0,NA,NA,29,female,bust,FALSE,NA,-1
balloon-inflate,464299,0.0-7.0-2.0,0,227,FALSE,10,7,4,bust,20,FALSE,-200,0,NA,NA,46,female,bust,FALSE,NA,-3
balloon-inflate,261156,0.0-7.0-2.0,0,228,FALSE,10,8,7,bust,20,FALSE,-200,0,NA,NA,48,female,bust,FALSE,NA,-1
balloon-inflate,405293,0.0-7.0-2.0,1.2,229,FALSE,10,6,6,bank,20,TRUE,77,1.2,200,NA,35,male,bank,TRUE,123,0
balloon-inflate,197606,0.0-7.0-2.0,1.4,230,FALSE,10,7,9,bank,20,TRUE,200,1.4,200,NA,22,male,bank,TRUE,0,2
balloon-inflate,350023,0.0-7.0-2.0,1.4,231,FALSE,10,7,11,bank,20,TRUE,200,1.4,-67,NA,25,female,bank,TRUE,-267,4
balloon-inflate,269466,0.0-7.0-2.0,0,232,FALSE,10,6,2,bust,20,FALSE,-112,0,NA,NA,36,male,bust,FALSE,NA,-4
balloon-inflate,358542,0.0-7.0-2.0,0.4,233,FALSE,10,2,12,bank,20,FALSE,146,0.4,137,NA,55,female,bank,FALSE,-9,10
balloon-inflate,280597,0.0-7.0-2.0,1.2,234,FALSE,10,6,10,bank,20,TRUE,200,1.2,4,NA,33,female,bank,TRUE,-196,4
balloon-inflate,176390,0.0-7.0-2.0,0,235,FALSE,10,4,1,bust,20,FALSE,-200,0,NA,NA,18,male,bust,FALSE,NA,-3
balloon-inflate,1658225,0.0-7.0-2.0,1,236,FALSE,10,5,6,bank,20,TRUE,200,1,144,NA,25,female,bank,TRUE,-56,1
balloon-inflate,185092,0.0-7.0-2.0,0,237,FALSE,10,5,0,bust,20,FALSE,-200,0,NA,NA,26,female,bust,FALSE,NA,-5
balloon-inflate,205414,0.0-7.0-2.0,0,238,FALSE,10,7,5,bust,20,FALSE,-199,0,NA,NA,25,female,bust,FALSE,NA,-2
balloon-inflate,212885,0.0-7.0-2.0,0,239,FALSE,10,7,0,bust,20,FALSE,-54,0,NA,NA,36,male,bust,FALSE,NA,-7
balloon-inflate,465477,0.0-7.0-2.0,0,240,FALSE,10,6,3,bust,20,FALSE,-200,0,NA,NA,45,male,bust,FALSE,NA,-3
balloon-inflate,210052,0.0-7.0-2.0,0,241,FALSE,10,5,2,bust,20,FALSE,-14,0,NA,NA,43,female,bust,FALSE,NA,-3
balloon-inflate,235048,0.0-7.0-2.0,1.2,242,FALSE,10,6,8,bank,20,TRUE,41,1.2,-29,NA,20,female,bank,TRUE,-70,2
balloon-inflate,205852,0.0-7.0-2.0,1.2,243,FALSE,10,6,6,bank,20,TRUE,87,1.2,189,NA,18,female,bank,TRUE,102,0
balloon-inflate,363905,0.0-7.0-2.0,1,244,FALSE,10,5,10,bank,20,TRUE,193,1,10,NA,22,male,bank,TRUE,-183,5
balloon-inflate,248357,0.0-7.0-2.0,0,245,FALSE,10,5,4,bust,20,FALSE,-130,0,NA,NA,49,male,bust,FALSE,NA,-1
balloon-inflate,196380,0.0-7.0-2.0,0,246,FALSE,10,4,2,bust,20,FALSE,-200,0,NA,NA,23,male,bust,FALSE,NA,-2
balloon-inflate,234226,0.0-7.0-2.0,0,247,FALSE,10,5,1,bust,20,FALSE,-142,0,NA,NA,26,female,bust,FALSE,NA,-4
balloon-inflate,245793,0.0-7.0-2.0,1,248,FALSE,10,5,12,bank,20,FALSE,157,1,71,NA,18,male,bank,FALSE,-86,7
balloon-inflate,300772,0.0-7.0-2.0,0,249,FALSE,10,4,2,bust,20,FALSE,-200,0,NA,NA,44,male,bust,FALSE,NA,-2
balloon-inflate,257035,0.0-7.0-2.0,0,250,FALSE,10,12,8,bust,20,FALSE,-94,0,NA,NA,28,male,bust,FALSE,NA,-4
balloon-inflate,185707,0.0-7.0-2.0,0,251,FALSE,10,5,0,bust,20,FALSE,-172,0,NA,NA,25,female,bust,FALSE,NA,-5
balloon-inflate,201879,0.0-7.0-2.0,0.8,252,FALSE,10,4,6,bank,20,TRUE,51,0.8,86,NA,28,male,bank,TRUE,35,2
balloon-inflate,246941,0.0-7.0-2.0,1.4,253,FALSE,10,7,7,bank,20,TRUE,200,1.4,200,NA,48,male,bank,TRUE,0,0
balloon-inflate,237303,0.0-7.0-2.0,0,254,FALSE,10,5,2,bust,20,FALSE,-200,0,NA,NA,19,male,bust,FALSE,NA,-3
balloon-inflate,264686,0.0-7.0-2.0,0.8,255,FALSE,10,4,7,bank,20,FALSE,130,0.8,107,NA,28,female,bank,FALSE,-23,3
balloon-inflate,601378,0.0-7.0-2.0,1.4,256,FALSE,10,7,8,bank,20,TRUE,198,1.4,200,NA,44,male,bank,TRUE,2,1
balloon-inflate,232906,0.0-7.0-2.0,0,257,FALSE,10,8,2,bust,20,FALSE,-200,0,NA,NA,21,female,bust,FALSE,NA,-6
balloon-inflate,213579,0.0-7.0-2.0,0,258,FALSE,10,9,3,bust,20,FALSE,-200,0,NA,NA,50,male,bust,FALSE,NA,-6
balloon-inflate,646649,0.0-7.0-2.0,0,259,FALSE,10,4,1,bust,20,FALSE,-118,0,NA,NA,23,female,bust,FALSE,NA,-3
balloon-inflate,232044,0.0-7.0-2.0,0,260,FALSE,10,5,2,bust,20,FALSE,-200,0,NA,NA,37,female,bust,FALSE,NA,-3
balloon-inflate,192134,0.0-7.0-2.0,1.2,261,FALSE,10,6,6,bank,20,TRUE,104,1.2,129,NA,28,male,bank,TRUE,25,0
balloon-inflate,364257,0.0-7.0-2.0,1,262,FALSE,10,5,11,bank,20,TRUE,-54,1,-200,NA,28,male,bank,TRUE,-146,6
balloon-inflate,237610,0.0-7.0-2.0,0,263,FALSE,10,5,3,bust,20,FALSE,70,0,NA,NA,36,male,bust,FALSE,NA,-2
balloon-inflate,525840,0.0-7.0-2.0,1,264,FALSE,10,5,12,bank,20,TRUE,200,1,200,NA,38,male,bank,TRUE,0,7
balloon-inflate,942093,0.0-7.0-2.0,0,265,FALSE,10,6,0,bust,20,FALSE,-200,0,NA,NA,21,male,bust,FALSE,NA,-6
balloon-inflate,289695,0.0-7.0-2.0,1.2,266,FALSE,10,6,8,bank,20,FALSE,91,1.2,114,NA,25,female,bank,FALSE,23,2
balloon-inflate,276499,0.0-7.0-2.0,0,267,FALSE,10,9,0,bust,20,FALSE,-72,0,NA,NA,21,female,bust,FALSE,NA,-9
balloon-inflate,369698,0.0-7.0-2.0,1.4,268,FALSE,10,7,7,bank,20,FALSE,159,1.4,164,NA,49,female,bank,FALSE,5,0
balloon-inflate,226927,0.0-7.0-2.0,0.8,269,FALSE,10,4,8,bank,20,TRUE,200,0.8,63,NA,39,male,bank,TRUE,-137,4
balloon-inflate,351608,0.0-7.0-2.0,0,270,FALSE,10,8,1,bust,20,FALSE,-200,0,NA,NA,54,male,bust,FALSE,NA,-7
balloon-inflate,453574,0.0-7.0-2.0,0,271,FALSE,10,6,3,bust,20,FALSE,-200,0,NA,NA,45,female,bust,FALSE,NA,-3
balloon-inflate,770712,0.0-7.0-2.0,0,272,FALSE,10,5,4,bust,20,FALSE,-200,0,NA,NA,20,male,bust,FALSE,NA,-1
balloon-inflate,234293,0.0-7.0-2.0,1.2,273,FALSE,10,6,9,bank,20,TRUE,119,1.2,146,NA,18,female,bank,TRUE,27,3
balloon-inflate,452579,0.0-7.0-2.0,0,274,FALSE,10,7,6,bust,20,FALSE,-200,0,NA,NA,20,female,bust,FALSE,NA,-1
balloon-inflate,279194,0.0-7.0-2.0,1.2,275,FALSE,10,6,10,bank,20,TRUE,182,1.2,-200,NA,20,I describe my gender differently,bank,TRUE,-382,4
balloon-inflate,173368,0.0-7.0-2.0,0,276,FALSE,10,6,2,bust,20,FALSE,-49,0,NA,NA,30,male,bust,FALSE,NA,-4
balloon-inflate,274458,0.0-7.0-2.0,0,277,FALSE,10,5,3,bust,20,FALSE,-200,0,NA,NA,49,male,bust,FALSE,NA,-2
balloon-inflate,353156,0.0-7.0-2.0,0,278,FALSE,10,7,2,bust,20,FALSE,-158,0,NA,NA,31,female,bust,FALSE,NA,-5
balloon-inflate,220459,0.0-7.0-2.0,1,279,FALSE,10,5,9,bank,20,TRUE,198,1,-22,NA,24,female,bank,TRUE,-220,4
balloon-inflate,264445,0.0-7.0-2.0,0.6,280,FALSE,10,3,3,bank,20,TRUE,200,0.6,200,NA,53,male,bank,TRUE,0,0
balloon-inflate,320492,0.0-7.0-2.0,0,281,FALSE,10,5,2,bust,20,FALSE,-200,0,NA,NA,50,male,bust,FALSE,NA,-3
balloon-inflate,246742,0.0-7.0-2.0,1,282,FALSE,10,5,9,bank,20,TRUE,200,1,-38,NA,25,female,bank,TRUE,-238,4
balloon-inflate,179524,0.0-7.0-2.0,0,283,FALSE,10,4,3,bust,20,FALSE,-199,0,NA,NA,39,male,bust,FALSE,NA,-1
balloon-inflate,296140,0.0-7.0-2.0,0,284,FALSE,10,5,3,bust,20,FALSE,-200,0,NA,NA,19,male,bust,FALSE,NA,-2
balloon-inflate,517006,0.0-7.0-2.0,0,285,FALSE,10,5,4,bust,20,FALSE,-200,0,NA,NA,19,male,bust,FALSE,NA,-1
balloon-inflate,290157,0.0-7.0-2.0,0,286,FALSE,10,5,1,bust,20,FALSE,-137,0,NA,NA,36,female,bust,FALSE,NA,-4
balloon-inflate,233138,0.0-7.0-2.0,0,287,FALSE,10,7,1,bust,20,FALSE,-200,0,NA,NA,35,male,bust,FALSE,NA,-6
balloon-inflate,238531,0.0-7.0-2.0,0.8,288,FALSE,10,4,11,bank,20,TRUE,72,0.8,-50,NA,32,male,bank,TRUE,-122,7
balloon-inflate,162953,0.0-7.0-2.0,0,289,FALSE,10,5,4,bust,20,FALSE,-162,0,NA,NA,22,male,bust,FALSE,NA,-1
balloon-inflate,302084,0.0-7.0-2.0,0,290,FALSE,10,5,2,bust,20,FALSE,-154,0,NA,NA,23,male,bust,FALSE,NA,-3
balloon-inflate,323390,0.0-7.0-2.0,0,291,FALSE,10,8,2,bust,20,FALSE,-191,0,NA,NA,53,female,bust,FALSE,NA,-6
balloon-inflate,288131,0.0-7.0-2.0,1.4,292,FALSE,10,7,8,bank,20,TRUE,200,1.4,200,NA,54,female,bank,TRUE,0,1
balloon-inflate,222594,0.0-7.0-2.0,0,293,FALSE,10,11,1,bust,20,FALSE,-200,0,NA,NA,21,female,bust,FALSE,NA,-10
balloon-inflate,272334,0.0-7.0-2.0,0.4,294,FALSE,10,2,9,bank,20,TRUE,59,0.4,-84,NA,29,female,bank,TRUE,-143,7
balloon-inflate,357470,0.0-7.0-2.0,1.2,295,FALSE,10,6,7,bank,20,TRUE,180,1.2,176,NA,21,male,bank,TRUE,-4,1
balloon-inflate,373617,0.0-7.0-2.0,1.2,296,FALSE,10,6,6,bank,20,TRUE,96,1.2,173,NA,35,male,bank,TRUE,77,0
balloon-inflate,305626,0.0-7.0-2.0,1.4,297,FALSE,10,7,7,bank,20,TRUE,200,1.4,200,NA,30,female,bank,TRUE,0,0
balloon-inflate,235564,0.0-7.0-2.0,0,298,FALSE,10,6,3,bust,20,FALSE,-138,0,NA,NA,41,male,bust,FALSE,NA,-3
balloon-inflate,292341,0.0-7.0-2.0,1,299,FALSE,10,5,5,bank,20,FALSE,141,1,149,NA,52,female,bank,FALSE,8,0
balloon-inflate,296686,0.0-7.0-2.0,0.6,300,FALSE,10,3,3,bank,20,TRUE,200,0.6,200,NA,33,male,bank,TRUE,0,0
balloon-inflate,310056,0.0-7.0-2.0,1,301,FALSE,10,5,12,bank,20,FALSE,158,1,134,NA,30,female,bank,FALSE,-24,7
balloon-inflate,268633,0.0-7.0-2.0,1.2,302,FALSE,10,6,8,bank,20,TRUE,88,1.2,41,NA,34,male,bank,TRUE,-47,2
balloon-inflate,332617,0.0-7.0-2.0,0.6,303,FALSE,10,3,6,bank,20,TRUE,188,0.6,164,NA,47,female,bank,TRUE,-24,3
balloon-inflate,416514,0.0-7.0-2.0,1.2,304,FALSE,10,6,8,bank,20,FALSE,129,1.2,16,NA,26,I describe my gender differently,bank,FALSE,-113,2
balloon-inflate,319950,0.0-7.0-2.0,0.8,305,FALSE,10,4,11,bank,20,TRUE,200,0.8,0,NA,44,female,bank,TRUE,-200,7
balloon-inflate,374950,0.0-7.0-2.0,0,306,FALSE,10,10,5,bust,20,FALSE,-200,0,NA,NA,51,female,bust,FALSE,NA,-5
balloon-inflate,265390,0.0-7.0-2.0,1.2,307,FALSE,10,6,7,bank,20,TRUE,150,1.2,139,NA,24,male,bank,TRUE,-11,1
balloon-inflate,270266,0.0-7.0-2.0,0.6,308,FALSE,10,3,11,bank,20,TRUE,138,0.6,-106,NA,39,male,bank,TRUE,-244,8
balloon-inflate,273348,0.0-7.0-2.0,1,309,FALSE,10,5,5,bank,20,TRUE,200,1,148,NA,35,female,bank,TRUE,-52,0
balloon-inflate,227468,0.0-7.0-2.0,1.2,310,FALSE,10,6,6,bank,20,TRUE,200,1.2,200,NA,35,male,bank,TRUE,0,0
balloon-inflate,292786,0.0-7.0-2.0,0,311,FALSE,10,5,4,bust,20,FALSE,-53,0,NA,NA,28,male,bust,FALSE,NA,-1
balloon-inflate,585077,0.0-7.0-2.0,1,312,FALSE,10,5,11,bank,20,TRUE,200,1,-200,NA,54,female,bank,TRUE,-400,6
balloon-inflate,219719,0.0-7.0-2.0,0,313,FALSE,10,6,3,bust,20,FALSE,81,0,NA,NA,21,female,bust,FALSE,NA,-3
balloon-inflate,277038,0.0-7.0-2.0,1.4,314,FALSE,10,3,8,bank,20,TRUE,98,1.4,98,NA,18,female,bank,TRUE,0,5
balloon-inflate,248532,0.0-7.0-2.0,0,315,FALSE,10,6,3,bust,20,FALSE,-116,0,NA,NA,25,male,bust,FALSE,NA,-3
balloon-inflate,326306,0.0-7.0-2.0,1.2,316,FALSE,10,6,9,bank,20,TRUE,200,1.2,156,NA,38,female,bank,TRUE,-44,3
balloon-inflate,262228,0.0-7.0-2.0,0,317,FALSE,10,4,1,bust,20,FALSE,-200,0,NA,NA,42,female,bust,FALSE,NA,-3
balloon-inflate,169184,0.0-7.0-2.0,0,318,FALSE,10,6,4,bust,20,FALSE,-200,0,NA,NA,36,male,bust,FALSE,NA,-2
balloon-inflate,363344,0.0-7.0-2.0,1,319,FALSE,10,5,5,bank,20,TRUE,121,1,133,NA,52,female,bank,TRUE,12,0
balloon-inflate,391536,0.0-7.0-2.0,0.8,320,FALSE,10,4,8,bank,20,FALSE,156,0.8,181,NA,33,female,bank,FALSE,25,4
balloon-inflate,227148,0.0-7.0-2.0,0.6,321,FALSE,10,3,12,bank,20,TRUE,171,0.6,53,NA,23,female,bank,TRUE,-118,9
balloon-inflate,237564,0.0-7.0-2.0,1.4,322,FALSE,10,7,10,bank,20,TRUE,200,1.4,-31,NA,27,female,bank,TRUE,-231,3
balloon-inflate,220634,0.0-7.0-2.0,0.6,323,FALSE,10,3,8,bank,20,TRUE,48,0.6,31,NA,26,female,bank,TRUE,-17,5
balloon-inflate,226038,0.0-7.0-2.0,0.8,324,FALSE,10,4,4,bank,20,TRUE,200,0.8,200,NA,23,male,bank,TRUE,0,0
balloon-inflate,494249,0.0-7.0-2.0,0.4,325,FALSE,10,2,8,bank,20,TRUE,47,0.4,-44,NA,28,female,bank,TRUE,-91,6
balloon-inflate,213983,0.0-7.0-2.0,0.8,326,FALSE,10,4,5,bank,20,TRUE,200,0.8,200,NA,21,female,bank,TRUE,0,1
balloon-inflate,220585,0.0-7.0-2.0,1,327,FALSE,10,5,12,bank,20,TRUE,127,1,84,NA,37,male,bank,TRUE,-43,7
balloon-inflate,327031,0.0-7.0-2.0,1.2,328,FALSE,10,6,12,bank,20,TRUE,81,1.2,-6,NA,18,female,bank,TRUE,-87,6
balloon-inflate,235317,0.0-7.0-2.0,1,329,FALSE,10,5,8,bank,20,FALSE,33,1,37,NA,28,female,bank,FALSE,4,3
balloon-inflate,209317,0.0-7.0-2.0,0,330,FALSE,10,6,2,bust,20,FALSE,-200,0,NA,NA,32,male,bust,FALSE,NA,-4
balloon-inflate,264152,0.0-7.0-2.0,0,331,FALSE,10,5,2,bust,20,FALSE,-200,0,NA,NA,36,female,bust,FALSE,NA,-3
balloon-inflate,239227,0.0-7.0-2.0,0,332,FALSE,10,5,2,bust,20,FALSE,-124,0,NA,NA,57,female,bust,FALSE,NA,-3
balloon-inflate,451543,0.0-7.0-2.0,0,333,FALSE,10,9,5,bust,20,FALSE,-200,0,NA,NA,49,female,bust,FALSE,NA,-4
balloon-inflate,499599,0.0-7.0-2.0,1,334,FALSE,10,5,11,bank,20,FALSE,200,1,200,NA,28,female,bank,FALSE,0,6
balloon-inflate,264277,0.0-7.0-2.0,0,335,FALSE,10,7,3,bust,20,FALSE,-80,0,NA,NA,30,female,bust,FALSE,NA,-4
balloon-inflate,306978,0.0-7.0-2.0,0,336,FALSE,10,9,7,bust,20,FALSE,-7,0,NA,NA,40,male,bust,FALSE,NA,-2
balloon-inflate,348669,0.0-7.0-2.0,1.4,337,FALSE,10,7,12,bank,20,TRUE,200,1.4,-42,NA,35,male,bank,TRUE,-242,5
balloon-inflate,258152,0.0-7.0-2.0,0.6,338,FALSE,10,3,8,bank,20,TRUE,140,0.6,1,NA,22,male,bank,TRUE,-139,5
balloon-inflate,259167,0.0-7.0-2.0,0.8,339,FALSE,10,4,5,bank,20,TRUE,10,0.8,-4,NA,28,female,bank,TRUE,-14,1
balloon-inflate,428258,0.0-7.0-2.0,0.8,340,FALSE,10,4,8,bank,20,TRUE,145,0.8,-3,NA,43,male,bank,TRUE,-148,4
balloon-inflate,254062,0.0-7.0-2.0,1.2,341,FALSE,10,6,11,bank,20,TRUE,86,1.2,20,NA,41,male,bank,TRUE,-66,5
balloon-inflate,273510,0.0-7.0-2.0,1.4,342,FALSE,10,7,10,bank,20,TRUE,181,1.4,82,NA,49,female,bank,TRUE,-99,3
balloon-inflate,211010,0.0-7.0-2.0,1,343,FALSE,10,5,5,bank,20,FALSE,123,1,83,NA,35,male,bank,FALSE,-40,0
balloon-inflate,177054,0.0-7.0-2.0,0,344,FALSE,10,4,3,bust,20,FALSE,-200,0,NA,NA,36,female,bust,FALSE,NA,-1
balloon-inflate,384221,0.0-7.0-2.0,0.8,345,FALSE,10,4,12,bank,20,FALSE,131,0.8,144,NA,40,male,bank,FALSE,13,8
balloon-inflate,376672,0.0-7.0-2.0,1,346,FALSE,10,5,5,bank,20,TRUE,127,1,200,NA,27,female,bank,TRUE,73,0
balloon-inflate,462486,0.0-7.0-2.0,1.2,347,FALSE,10,6,6,bank,20,FALSE,181,1.2,168,NA,50,male,bank,FALSE,-13,0
balloon-inflate,365600,0.0-7.0-2.0,1.6,348,FALSE,10,8,9,bank,20,TRUE,200,1.6,200,NA,61,female,bank,TRUE,0,1
balloon-inflate,357626,0.0-7.0-2.0,1.2,349,FALSE,10,6,10,bank,20,TRUE,146,1.2,36,NA,23,male,bank,TRUE,-110,4
balloon-inflate,175920,0.0-7.0-2.0,1,350,FALSE,10,5,12,bank,20,FALSE,200,1,200,NA,32,male,bank,FALSE,0,7
balloon-inflate,305038,0.0-7.0-2.0,1,351,FALSE,10,5,11,bank,20,TRUE,200,1,113,NA,55,female,bank,TRUE,-87,6
balloon-inflate,445413,0.0-7.0-2.0,1.2,352,FALSE,10,6,11,bank,20,FALSE,200,1.2,156,NA,26,female,bank,FALSE,-44,5
balloon-inflate,198427,0.0-7.0-2.0,0.8,353,FALSE,10,4,7,bank,20,TRUE,200,0.8,-50,NA,31,female,bank,TRUE,-250,3
balloon-inflate,253251,0.0-7.0-2.0,1.2,354,FALSE,10,6,9,bank,20,TRUE,143,1.2,127,NA,18,male,bank,TRUE,-16,3
balloon-inflate,253046,0.0-7.0-2.0,0,355,FALSE,10,12,7,bust,20,FALSE,-200,0,NA,NA,19,male,bust,FALSE,NA,-5
balloon-inflate,528779,0.0-7.0-2.0,1.2,356,FALSE,10,6,6,bank,20,FALSE,133,1.2,124,NA,54,male,bank,FALSE,-9,0
balloon-inflate,275597,0.0-7.0-2.0,1.2,357,FALSE,10,6,10,bank,20,TRUE,76,1.2,-26,NA,32,female,bank,TRUE,-102,4
balloon-inflate,255176,0.0-7.0-2.0,0,358,FALSE,10,12,9,bust,20,FALSE,-143,0,NA,NA,45,male,bust,FALSE,NA,-3
balloon-inflate,248512,0.0-7.0-2.0,1.6,359,FALSE,10,8,12,bank,20,TRUE,200,1.6,200,NA,35,female,bank,TRUE,0,4
balloon-inflate,372045,0.0-7.0-2.0,1.4,360,FALSE,10,7,10,bank,20,TRUE,178,1.4,-17,NA,65,female,bank,TRUE,-195,3
balloon-inflate,228111,0.0-7.0-2.0,0,361,FALSE,10,6,0,bust,20,FALSE,-200,0,NA,NA,34,male,bust,FALSE,NA,-6